config,trades,win_rate,total_return,max_dd,return_dd,top10_avg,max_winner,tp_rate,avg_winner
LIMIT_1.0%_TP8x_Fee0.07,94,42.5531914893617,103.92829703052851,-11.569778676952506,8.982738558133192,10.13832907436055,13.611923118185713,10.638297872340425,4.995021601439776
LIMIT_1.0%_TP8x_Fee0.10,94,42.5531914893617,101.10829703052852,-11.980235215992451,8.439591978591436,10.10832907436055,13.581923118185713,10.638297872340425,4.9650216014397754
LIMIT_1.0%_TP7x_Fee0.10,94,43.61702127659575,101.60623232587895,-12.087954059789409,8.40557730640888,9.364114771588358,12.571323233305106,14.893617021276595,4.816072711362212
LIMIT_0.5%_TP6x_Fee0.10,204,40.19607843137255,127.761212950285,-17.38329531337021,7.349654403674463,8.103428648222817,10.695551395496976,22.54901960784314,4.097986804556453
LIMIT_1.0%_TP6x_Fee0.07,94,43.61702127659575,89.58552588817355,-12.666126058575248,7.072843383516001,8.04209837564716,10.791134199975804,19.148936170212767,4.484104261662081
LIMIT_1.0%_TP6x_Fee0.10,94,43.61702127659575,86.76552588817356,-13.090653800087896,6.628051372620592,8.012098375647163,10.761134199975805,19.148936170212767,4.4541042616620805
LIMIT_1.0%_TP5x_Fee0.10,94,45.744680851063826,85.39213870684755,-13.447013178220612,6.350268091144025,6.805871058835386,8.9509451666465,26.595744680851062,4.140929750312242
LIMIT_1.5%_TP6x_Fee0.10,39,43.58974358974359,36.40258368064963,-13.711871844705184,2.6548223388410985,6.83262099756994,10.707631075837995,20.51282051282051,4.64795823426726
