filter,trades,win_rate,return,max_dd,strategy_rr
Filter 3: BB Width > 0.82%,459,59.47712418300654,16.797029408843777,9.289663467422022,1.808141863023282
BASELINE (No Filter),919,60.93579978237214,11.199545179903714,14.112468510007655,0.7935922175459039
Filter 7: Very Close to BB Lower (<0.5%),919,60.93579978237214,11.199545179903714,14.112468510007655,0.7935922175459039
Filter 6: Within 5% of SMA50,918,60.893246187363836,9.066746630935052,15.759784623036849,0.5753090443686486
Filter 4: Deep Oversold (RSI < 35),621,61.35265700483091,5.691242426517817,12.328822974670581,0.46162090559742863
Filter 8: Avoid Hours 0-6 (Low Liquidity),660,59.54545454545455,3.5983949902719248,12.200187526019782,0.29494587542998807
Filter 2: BB Width < 0.82%,459,62.527233115468405,-4.3730683685546,13.292019209730608,-0.32899955225412514
COMBO 2: Low Volatility + Very Close BB,459,62.527233115468405,-4.3730683685546,13.292019209730608,-0.32899955225412514
Filter 5: Volume > 1.2x Avg,456,55.26315789473685,-7.925068058789753,15.911061932004579,-0.49808542589157667
