Version,Return,Max DD,Return/DD,Win Rate,Trades,Top 20%,Zone Config
MEXC Original,8.06,-0.76,10.56,61.9,21,88.6,1.5x/5b
BingX Optimized,9.007551728964478,-1.1350248756218861,7.9359949922059565,61.53846153846154,13,55.37803476792868,1.3x/3b
